gpu_model,gpu_architecture,gpu_cores,gpu_official_boost_mhz_min,gpu_official_boost_mhz_max,gpu_power_min_w,gpu_power_max_w,gpu_official_memory,gpu_bus_width,gpu_ai_tops,gpu_official_url
GeForce RTX 5060,Blackwell,3328.0,1455.0,2497.0,45.0,100.0,8 GB GDDR7,128-bit,572.0,https://www.nvidia.com/en-us/geforce/laptops/compare/
GeForce RTX 5050,Blackwell,2560.0,1500.0,2662.0,35.0,100.0,8 GB GDDR7,128-bit,440.0,https://www.nvidia.com/en-us/geforce/laptops/compare/
GeForce RTX 5090,Blackwell,10496.0,1597.0,2160.0,95.0,150.0,24 GB GDDR7,256-bit,1824.0,https://www.nvidia.com/en-us/geforce/laptops/compare/
GeForce RTX 5070,Blackwell,4608.0,1425.0,2347.0,50.0,100.0,12 GB GDDR7 8 GB GDDR7,128-bit,798.0,https://www.nvidia.com/en-us/geforce/laptops/compare/
GeForce RTX 5080,Blackwell,7680.0,1500.0,2287.0,80.0,150.0,16 GB GDDR7,256-bit,1334.0,https://www.nvidia.com/en-us/geforce/laptops/compare/
GeForce RTX 5070 Ti,Blackwell,5888.0,1447.0,2220.0,60.0,115.0,12 GB GDDR7,192-bit,992.0,https://www.nvidia.com/en-us/geforce/laptops/compare/
GeForce RTX 3050,Ampere,2560.0,990.0,1740.0,35.0,80.0,6 GB GDDR6 4 GB GDDR6,64 - 128-bit,,https://www.nvidia.com/en-us/geforce/laptops/compare/30-series/
GeForce RTX 4050,Ada Lovelace,2560.0,1605.0,2370.0,35.0,115.0,6 GB GDDR6,96-bit,194.0,https://www.nvidia.com/en-us/geforce/laptops/compare/
GeForce RTX 4070,Ada Lovelace,4608.0,1230.0,2175.0,35.0,115.0,8 GB GDDR6,128-bit,321.0,https://www.nvidia.com/en-us/geforce/laptops/compare/
GeForce RTX 4060,Ada Lovelace,3072.0,1470.0,2370.0,35.0,115.0,8 GB GDDR6,128-bit,233.0,https://www.nvidia.com/en-us/geforce/laptops/compare/
GeForce RTX 2050,,,,,,,,,,
Radeon RX 7600S,,1792.0,,1865.0,,75.0,8 GB GDDR6,128-bit,,https://www.amd.com/en/products/specifications/graphics.html
Radeon RX 7700S,,,,2200.0,,100.0,8 GB GDDR6,128-bit,,https://www.amd.com/en/products/specifications/graphics.html
RTX A2000,Ampere,2560.0,,,35.0,95.0,4 GB GDDR6,128-bit,,https://www.nvidia.com/content/dam/en-zz/Solutions/design-visualization/documents/quadro-line-card-for-mobile-workstation.pdf
GeForce RTX 3060,Ampere,3840.0,1283.0,1703.0,60.0,115.0,6 GB GDDR6,192-bit,,https://www.nvidia.com/en-us/geforce/laptops/compare/30-series/
GeForce RTX 3050 Ti,Ampere,2560.0,1035.0,1695.0,35.0,80.0,4 GB GDDR6,128-bit,,https://www.nvidia.com/en-us/geforce/laptops/compare/30-series/
GeForce RTX 3070,Ampere,5120.0,1290.0,1620.0,80.0,125.0,8 GB GDDR6,256-bit,,https://www.nvidia.com/en-us/geforce/laptops/compare/30-series/
