cpu_model,cpu_brand,cpu_series,cpu_number,cpu_codename,cpu_igpu,cpu_cores,cpu_p_cores,cpu_e_cores,cpu_lpe_cores,cpu_threads,cpu_base_ghz,cpu_boost_ghz,cpu_cache_mb,cpu_l2_mb,cpu_l3_mb,cpu_npu_tops,cpu_overall_tops,cpu_base_power_w,cpu_max_power_w,cpu_min_power_w,cpu_official_url
Celeron N4020,Intel,Celeron,N4020,Gemini Lake Refresh,Intel UHD Graphics 600,2.0,,,,2.0,1.1,2.8,4.0,,,,,6.0,,,https://www.intel.com/content/www/us/en/products/sku/197310/intel-celeron-processor-n4020-4m-cache-up-to-2-80-ghz/specifications.html
Celeron N4120,Intel,Celeron,N4120,Gemini Lake Refresh,Intel UHD Graphics 600,4.0,,,,4.0,1.1,2.6,4.0,,,,,6.0,,,https://www.intel.com/content/www/us/en/products/sku/197309/intel-celeron-processor-n4120-4m-cache-up-to-2-60-ghz/specifications.html
Celeron N4500,Intel,Celeron,N4500,Jasper Lake,Intel UHD Graphics,2.0,,,,2.0,1.1,2.8,4.0,,4.0,,,6.0,,,https://www.intel.com/content/www/us/en/products/sku/212326/intel-celeron-processor-n4500-4m-cache-up-to-2-80-ghz/specifications.html
Celeron N5100,Intel,Celeron,N5100,Jasper Lake,Intel UHD Graphics,4.0,,,,4.0,1.1,2.8,4.0,,4.0,,,6.0,,,https://www.intel.com/content/www/us/en/products/sku/212329/intel-celeron-processor-n5100-4m-cache-up-to-2-80-ghz/specifications.html
Core 3 100U,Intel,Core 3,100U,,Intel Graphics,6.0,2.0,4.0,,8.0,1.2,4.7,10.0,,10.0,,,15.0,,12.0,https://cdrdv2-public.intel.com/841783/Intel-Core-Comparsion.pdf
Core 3 304,Intel,Core 3,304,Wildcat Lake,Intel Graphics,5.0,1.0,0.0,4.0,5.0,1.5,4.3,6.0,,6.0,15.0,24.0,15.0,35.0,,https://www.intel.com/content/www/us/en/products/sku/246020/intel-core-3-processor-304-6m-cache-up-to-4-30-ghz/specifications.html
Core 5 120U,Intel,Core 5,120U,,Intel Graphics,10.0,2.0,8.0,,12.0,1.4,5.0,12.0,,12.0,,,15.0,,12.0,https://cdrdv2-public.intel.com/841783/Intel-Core-Comparsion.pdf
Core 5 210H,Intel,Core 5,210H,Raptor Lake,Intel Graphics,8.0,4.0,4.0,0.0,12.0,2.2,4.8,12.0,,12.0,,,45.0,115.0,,https://www.intel.com/content/www/us/en/products/sku/241652/intel-core-5-processor-210h-12m-cache-up-to-4-80-ghz/specifications.html
Core 5 315,Intel,Core 5,315,Wildcat Lake,Intel Graphics,6.0,2.0,0.0,4.0,6.0,1.5,4.4,6.0,,6.0,15.0,33.0,15.0,35.0,,https://www.intel.com/content/www/us/en/products/sku/246127/intel-core-5-processor-315-6m-cache-up-to-4-40-ghz/specifications.html
Core 5 320,Intel,Core 5,320,Wildcat Lake,Intel Graphics,6.0,2.0,0.0,4.0,6.0,1.5,4.6,6.0,,6.0,16.0,36.0,15.0,35.0,,https://www.intel.com/content/www/us/en/products/sku/246018/intel-core-5-processor-320-6m-cache-up-to-4-60-ghz/specifications.html
Core 7 150U,Intel,Core 7,150U,,Intel Graphics,10.0,2.0,8.0,,12.0,1.8,5.4,12.0,,12.0,,,15.0,,12.0,https://cdrdv2-public.intel.com/841783/Intel-Core-Comparsion.pdf
Core 7 240H,Intel,Core 7,240H,Raptor Lake,Intel Graphics,10.0,6.0,4.0,0.0,16.0,2.5,5.2,24.0,,24.0,,,45.0,115.0,,https://www.intel.com/content/www/us/en/products/sku/241653/intel-core-7-processor-240h-24m-cache-up-to-5-20-ghz/specifications.html
Core 7 350,Intel,Core 7,350,Wildcat Lake,Intel Graphics,6.0,2.0,0.0,4.0,6.0,1.5,4.8,6.0,,6.0,17.0,38.0,15.0,35.0,,https://www.intel.com/content/www/us/en/products/sku/246017/intel-core-7-processor-350-6m-cache-up-to-4-80-ghz/specifications.html
Core Ultra 5 115U,Intel,Core Ultra 5,115U,Meteor Lake,Intel Graphics,8.0,2.0,4.0,2.0,10.0,1.5,4.2,10.0,,10.0,11.0,21.0,15.0,57.0,,https://www.intel.com/content/www/us/en/products/sku/237505/intel-core-ultra-5-processor-115u-10m-cache-up-to-4-20-ghz/specifications.html
Core Ultra 5 125H,Intel,Core Ultra 5,125H,,Intel Arc graphics,14.0,4.0,8.0,2.0,18.0,1.2,4.5,18.0,,18.0,11.0,33.0,28.0,,20.0,https://cdrdv2-public.intel.com/851467/Intel-Core-Ultra-Series1-Series2-Series3-Comparison.pdf
Core Ultra 5 125U,Intel,Core Ultra 5,125U,,Intel Graphics,12.0,2.0,8.0,2.0,14.0,1.3,4.3,12.0,,12.0,11.0,21.0,15.0,,12.0,https://cdrdv2-public.intel.com/851467/Intel-Core-Ultra-Series1-Series2-Series3-Comparison.pdf
Core Ultra 5 135H,Intel,Core Ultra 5,135H,,Intel Arc graphics,14.0,4.0,8.0,2.0,18.0,1.7,4.6,18.0,,18.0,11.0,33.0,28.0,,20.0,https://cdrdv2-public.intel.com/851467/Intel-Core-Ultra-Series1-Series2-Series3-Comparison.pdf
Core Ultra 5 225H,Intel,Core Ultra 5,225H,,Intel Arc 130T GPU,14.0,4.0,8.0,2.0,14.0,1.7,4.9,18.0,,18.0,13.0,83.0,28.0,,20.0,https://cdrdv2-public.intel.com/851467/Intel-Core-Ultra-Series1-Series2-Series3-Comparison.pdf
Core Ultra 5 226V,Intel,Core Ultra 5,226V,Lunar Lake,Intel Arc Graphics 130V,8.0,4.0,0.0,4.0,8.0,2.1,4.5,8.0,,8.0,40.0,97.0,17.0,37.0,8.0,https://www.intel.com/content/www/us/en/products/sku/240960/intel-core-ultra-5-processor-226v-8m-cache-up-to-4-50-ghz/specifications.html
Core Ultra 5 228V,Intel,Core Ultra 5,228V,,Intel Arc Graphics 130V,8.0,4.0,,4.0,8.0,2.1,4.5,8.0,,8.0,40.0,97.0,17.0,,8.0,https://cdrdv2-public.intel.com/851467/Intel-Core-Ultra-Series1-Series2-Series3-Comparison.pdf
Core Ultra 5 325,Intel,Core Ultra 5,325,,Intel Graphics,8.0,4.0,0.0,4.0,8.0,2.1,4.5,12.0,,12.0,47.0,,25.0,,12.0,https://cdrdv2-public.intel.com/851467/Intel-Core-Ultra-Series1-Series2-Series3-Comparison.pdf
Core Ultra 7 155H,Intel,Core Ultra 7,155H,,Intel Arc graphics,16.0,6.0,8.0,2.0,22.0,1.4,4.8,24.0,,24.0,11.0,33.0,28.0,,20.0,https://cdrdv2-public.intel.com/851467/Intel-Core-Ultra-Series1-Series2-Series3-Comparison.pdf
Core Ultra 7 155U,Intel,Core Ultra 7,155U,,Intel Graphics,12.0,2.0,8.0,2.0,14.0,1.7,4.8,12.0,,12.0,11.0,22.0,15.0,,12.0,https://cdrdv2-public.intel.com/851467/Intel-Core-Ultra-Series1-Series2-Series3-Comparison.pdf
Core Ultra 7 255H,Intel,Core Ultra 7,255H,,Intel Arc 140T GPU,16.0,6.0,8.0,2.0,16.0,2.0,5.1,24.0,,24.0,13.0,96.0,28.0,,20.0,https://cdrdv2-public.intel.com/851467/Intel-Core-Ultra-Series1-Series2-Series3-Comparison.pdf
Core Ultra 7 256V,Intel,Core Ultra 7,256V,,Intel Arc Graphics 140V,8.0,4.0,,4.0,8.0,2.2,4.8,12.0,,12.0,47.0,115.0,17.0,,8.0,https://cdrdv2-public.intel.com/851467/Intel-Core-Ultra-Series1-Series2-Series3-Comparison.pdf
Core Ultra 7 258V,Intel,Core Ultra 7,258V,,Intel Arc Graphics 140V,8.0,4.0,,4.0,8.0,2.2,4.8,12.0,,12.0,47.0,115.0,17.0,,8.0,https://cdrdv2-public.intel.com/851467/Intel-Core-Ultra-Series1-Series2-Series3-Comparison.pdf
Core Ultra 7 268V,Intel,Core Ultra 7,268V,,Intel Arc Graphics 140V,8.0,4.0,,4.0,8.0,2.2,5.0,12.0,,12.0,48.0,118.0,17.0,,8.0,https://cdrdv2-public.intel.com/851467/Intel-Core-Ultra-Series1-Series2-Series3-Comparison.pdf
Core Ultra 7 355,Intel,Core Ultra 7,355,,Intel Graphics,8.0,4.0,0.0,4.0,8.0,2.3,4.7,12.0,,12.0,49.0,,25.0,,12.0,https://cdrdv2-public.intel.com/851467/Intel-Core-Ultra-Series1-Series2-Series3-Comparison.pdf
Core Ultra 7 356H,Intel,Core Ultra 7,356H,,Intel Graphics,16.0,4.0,8.0,4.0,16.0,1.9,4.7,18.0,,18.0,50.0,,25.0,,15.0,https://cdrdv2-public.intel.com/851467/Intel-Core-Ultra-Series1-Series2-Series3-Comparison.pdf
Core Ultra 9 185H,Intel,Core Ultra 9,185H,,Intel Arc graphics,16.0,6.0,8.0,2.0,22.0,2.3,5.1,24.0,,24.0,11.0,35.0,45.0,,35.0,https://cdrdv2-public.intel.com/851467/Intel-Core-Ultra-Series1-Series2-Series3-Comparison.pdf
Core Ultra 9 275HX,Intel,Core Ultra 9,275HX,,Intel Graphics,24.0,8.0,16.0,,24.0,2.7,5.4,36.0,40.0,36.0,13.0,36.0,55.0,160.0,45.0,https://www.intel.com/content/www/us/en/products/sku/242293/intel-core-ultra-9-processor-275hx-36m-cache-up-to-5-40-ghz/specifications.html
Core Ultra 9 285H,Intel,Core Ultra 9,285H,,Intel Arc 140T GPU,16.0,6.0,8.0,2.0,16.0,2.9,5.4,24.0,,24.0,13.0,99.0,45.0,115.0,35.0,https://www.intel.com/content/www/us/en/products/sku/241747/intel-core-ultra-9-processor-285h-24m-cache-up-to-5-40-ghz/specifications.html
Core Ultra 9 290HX Plus,Intel,Core Ultra 9,290HX Plus,Arrow Lake,Intel Graphics,24.0,8.0,16.0,0.0,24.0,2.7,5.5,36.0,40.0,36.0,13.0,36.0,55.0,160.0,,https://www.intel.com/content/www/us/en/products/sku/245960/intel-core-ultra-9-processor-290hx-plus-36m-cache-up-to-5-50-ghz/specifications.html
Core Ultra 9 386H,Intel,Core Ultra 9,386H,,Intel Graphics,16.0,4.0,8.0,4.0,16.0,2.1,4.9,18.0,,18.0,50.0,,25.0,,15.0,https://cdrdv2-public.intel.com/851467/Intel-Core-Ultra-Series1-Series2-Series3-Comparison.pdf
Core Ultra X7 358H,Intel,Core Ultra X7,358H,,Intel Arc B390 GPU,16.0,4.0,8.0,4.0,16.0,1.9,4.8,18.0,,18.0,50.0,,25.0,,15.0,https://cdrdv2-public.intel.com/851467/Intel-Core-Ultra-Series1-Series2-Series3-Comparison.pdf
Core Ultra X9 388H,Intel,Core Ultra X9,388H,,Intel Arc B390 GPU,16.0,4.0,8.0,4.0,16.0,2.1,5.1,18.0,,18.0,50.0,,25.0,,15.0,https://cdrdv2-public.intel.com/851467/Intel-Core-Ultra-Series1-Series2-Series3-Comparison.pdf
Core i3-1215U,Intel,Core i3,1215U,,Intel UHD for 12th Gen,6.0,2.0,4.0,,8.0,1.2,4.4,10.0,,10.0,,,15.0,,,https://cdrdv2-public.intel.com/841783/Intel-Core-Comparsion.pdf
Core i3-1315U,Intel,Core i3,1315U,,Intel UHD for 13th Gen,6.0,2.0,4.0,,8.0,1.2,4.5,10.0,,10.0,,,15.0,,12.0,https://cdrdv2-public.intel.com/841783/Intel-Core-Comparsion.pdf
Core i3-N305,Intel,Core i3,N305,,Intel UHD Graphics,8.0,,,,8.0,1.8,3.8,6.0,,6.0,,,15.0,,9.0,https://cdrdv2-public.intel.com/841783/Intel-Core-Comparsion.pdf
Core i5-1135G7,Intel,Core i5,1135G7,,Intel Iris Xe Graphics,4.0,,,,8.0,0.9,4.2,8.0,,8.0,,,28.0,,12.0,https://cdrdv2-public.intel.com/841783/Intel-Core-Comparsion.pdf
Core i5-1235U,Intel,Core i5,1235U,,Intel Iris Xe Graphics eligible,10.0,2.0,8.0,,12.0,1.3,4.4,10.0,,12.0,,,15.0,,,https://cdrdv2-public.intel.com/841783/Intel-Core-Comparsion.pdf
Core i5-1240P,Intel,Core i5,1240P,,Intel Iris Xe Graphics eligible,12.0,4.0,8.0,,16.0,1.7,4.4,12.0,,12.0,,,28.0,,20.0,https://cdrdv2-public.intel.com/841783/Intel-Core-Comparsion.pdf
Core i5-12500H,Intel,Core i5,12500H,,Intel Iris Xe Graphics eligible,12.0,4.0,8.0,,16.0,2.5,4.5,18.0,,18.0,,,45.0,,35.0,https://cdrdv2-public.intel.com/841783/Intel-Core-Comparsion.pdf
Core i5-1334U,Intel,Core i5,1334U,,Intel Iris Xe Graphics eligible,10.0,2.0,8.0,,12.0,1.3,4.6,12.0,,12.0,,,15.0,,,https://cdrdv2-public.intel.com/841783/Intel-Core-Comparsion.pdf
Core i5-1335U,Intel,Core i5,1335U,,Intel Iris Xe Graphics eligible,10.0,2.0,8.0,,12.0,1.3,4.6,12.0,,12.0,,,15.0,,12.0,https://cdrdv2-public.intel.com/841783/Intel-Core-Comparsion.pdf
Core i5-1340P,Intel,Core i5,1340P,,Intel Iris Xe Graphics eligible,12.0,4.0,8.0,,16.0,1.9,4.6,12.0,,12.0,,,28.0,,20.0,https://cdrdv2-public.intel.com/841783/Intel-Core-Comparsion.pdf
Core i5-13420H,Intel,Core i5,13420H,,Intel UHD for 13th Gen,8.0,4.0,4.0,,12.0,2.1,4.6,12.0,,12.0,,,45.0,,35.0,https://cdrdv2-public.intel.com/841783/Intel-Core-Comparsion.pdf
Core i5-13450HX,Intel,Core i5,13450HX,,Intel UHD for 13th Gen,10.0,6.0,4.0,,16.0,2.4,4.6,20.0,,20.0,,,55.0,,45.0,https://cdrdv2-public.intel.com/841783/Intel-Core-Comparsion.pdf
Core i5-13500H,Intel,Core i5,13500H,,Intel Iris Xe Graphics eligible,12.0,4.0,8.0,,16.0,2.6,4.7,18.0,,18.0,,,45.0,,35.0,https://cdrdv2-public.intel.com/841783/Intel-Core-Comparsion.pdf
Core i5-14450HX,Intel,Core i5,14450HX,,Intel UHD for 14th Gen,10.0,6.0,4.0,,16.0,2.4,4.8,20.0,,20.0,,,55.0,,45.0,https://cdrdv2-public.intel.com/841783/Intel-Core-Comparsion.pdf
Core i7-1165G7,Intel,Core i7,1165G7,,Intel Iris Xe Graphics,4.0,,,,8.0,1.2,4.7,12.0,,12.0,,,28.0,,12.0,https://cdrdv2-public.intel.com/841783/Intel-Core-Comparsion.pdf
Core i7-1255U,Intel,Core i7,1255U,,Intel Iris Xe Graphics eligible,10.0,2.0,8.0,,12.0,1.7,4.7,12.0,,12.0,,,15.0,,12.0,https://cdrdv2-public.intel.com/841783/Intel-Core-Comparsion.pdf
Core i7-1260P,Intel,Core i7,1260P,,Intel Iris Xe Graphics eligible,12.0,4.0,8.0,,16.0,2.1,4.7,18.0,,18.0,,,28.0,,20.0,https://cdrdv2-public.intel.com/841783/Intel-Core-Comparsion.pdf
Core i7-12700H,Intel,Core i7,12700H,,Intel Iris Xe Graphics eligible,14.0,6.0,8.0,,20.0,2.3,4.7,24.0,,24.0,,,45.0,,35.0,https://cdrdv2-public.intel.com/841783/Intel-Core-Comparsion.pdf
Core i7-12850HX,Intel,Core i7,12850HX,,Intel UHD for 12th Gen,16.0,8.0,8.0,,24.0,2.1,4.8,25.0,,25.0,,,55.0,,45.0,https://cdrdv2-public.intel.com/841783/Intel-Core-Comparsion.pdf
Core i7-1355U,Intel,Core i7,1355U,,Intel Iris Xe Graphics eligible,10.0,2.0,8.0,,12.0,1.7,5.0,12.0,,12.0,,,15.0,,12.0,https://cdrdv2-public.intel.com/841783/Intel-Core-Comparsion.pdf
Core i7-1360P,Intel,Core i7,1360P,,Intel Iris Xe Graphics eligible,12.0,4.0,8.0,,16.0,2.2,5.0,18.0,,18.0,,,28.0,,20.0,https://cdrdv2-public.intel.com/841783/Intel-Core-Comparsion.pdf
Core i7-13620H,Intel,Core i7,13620H,,Intel UHD for 13th Gen,10.0,6.0,4.0,,16.0,2.4,4.9,24.0,,24.0,,,45.0,115.0,35.0,https://www.intel.com/content/www/us/en/products/sku/232130/intel-core-i713620h-processor-24m-cache-up-to-4-90-ghz/specifications.html
Core i7-13650HX,Intel,Core i7,13650HX,,Intel UHD for 13th Gen,14.0,6.0,8.0,,20.0,2.6,4.9,24.0,,24.0,,,55.0,,45.0,https://cdrdv2-public.intel.com/841783/Intel-Core-Comparsion.pdf
Core i7-13700H,Intel,Core i7,13700H,,Intel Iris Xe Graphics eligible,14.0,6.0,8.0,,20.0,2.4,5.0,24.0,,24.0,,,45.0,,35.0,https://cdrdv2-public.intel.com/841783/Intel-Core-Comparsion.pdf
Core i7-14650HX,Intel,Core i7,14650HX,,Intel UHD for 14th Gen,16.0,8.0,8.0,,24.0,2.2,5.2,30.0,,30.0,,,55.0,,45.0,https://cdrdv2-public.intel.com/841783/Intel-Core-Comparsion.pdf
Core i9-12950HX,Intel,Core i9,12950HX,,Intel UHD for 12th Gen,16.0,8.0,8.0,,24.0,2.3,5.0,30.0,,30.0,,,55.0,,45.0,https://cdrdv2-public.intel.com/841783/Intel-Core-Comparsion.pdf
Core i9-13900H,Intel,Core i9,13900H,,Intel Iris Xe Graphics eligible,14.0,6.0,8.0,,20.0,2.6,5.4,24.0,,24.0,,,45.0,,35.0,https://cdrdv2-public.intel.com/841783/Intel-Core-Comparsion.pdf
Core i9-13980HX,Intel,Core i9,13980HX,,Intel UHD for 13th Gen,24.0,8.0,16.0,,32.0,2.2,5.6,36.0,,36.0,,,55.0,,45.0,https://cdrdv2-public.intel.com/841783/Intel-Core-Comparsion.pdf
Core i9-14900HX,Intel,Core i9,14900HX,,Intel UHD for 14th Gen,24.0,8.0,16.0,,32.0,2.2,5.8,36.0,,36.0,,,55.0,,45.0,https://cdrdv2-public.intel.com/841783/Intel-Core-Comparsion.pdf
Intel Processor N100,Intel,Intel Processor,N100,,Intel UHD Graphics,4.0,,,,4.0,0.8,3.4,6.0,,6.0,,,6.0,,,https://cdrdv2-public.intel.com/841783/Intel-Core-Comparsion.pdf
Intel Processor N150,Intel,Intel Processor,N150,Twin Lake,Intel Graphics,4.0,,,,4.0,0.8,3.6,6.0,,6.0,,,6.0,,,https://www.intel.com/content/www/us/en/products/sku/241636/intel-processor-n150-6m-cache-up-to-3-60-ghz/specifications.html
Intel Processor N200,Intel,Intel Processor,N200,,Intel UHD Graphics,4.0,,,,4.0,1.0,3.7,6.0,,6.0,,,6.0,,,https://cdrdv2-public.intel.com/841783/Intel-Core-Comparsion.pdf
Kompanio 520,MediaTek,Kompanio,520,,ARM Mali-G52 MC2,8.0,,,,,2.0,2.0,1.0,,,,,,,,
Kompanio 540,MediaTek,Kompanio,540,,ARM Mali-G57 MC2,8.0,,,,,2.0,2.6,1.0,,,,,,,,
Pentium Gold 8505,Intel,Pentium Gold,8505,Alder Lake,Intel UHD Graphics for 12th Gen Intel Processors,5.0,1.0,4.0,,6.0,1.2,4.4,8.0,,8.0,,,15.0,55.0,,https://www.intel.com/content/www/us/en/products/sku/226262/intel-pentium-gold-processor-8505-8m-cache-up-to-4-40-ghz/specifications.html
Pentium Silver N5030,Intel,Pentium Silver,N5030,Gemini Lake Refresh,Intel UHD Graphics 605,4.0,,,,4.0,1.1,3.1,4.0,,,,,6.0,,,https://www.intel.com/content/www/us/en/products/sku/197308/intel-pentium-silver-n5030-processor-4m-cache-up-to-3-10-ghz/specifications.html
Pentium Silver N6000,Intel,Pentium Silver,N6000,Jasper Lake,Intel UHD Graphics,4.0,,,,4.0,1.1,3.3,4.0,,4.0,,,6.0,,,https://www.intel.com/content/www/us/en/products/sku/212330/intel-pentium-silver-n6000-processor-4m-cache-up-to-3-30-ghz/specifications.html
RTX Spark N1X,NVIDIA,RTX Spark,N1X,,NVIDIA Blackwell RTX GPU,20.0,,,,,,,,,,,,,,,
Ryzen 5 150,AMD,Ryzen 5,150,Rembrandt,AMD Radeon 660M,6.0,,,,12.0,3.3,4.55,18.0,3.0,16.0,,,45.0,54.0,35.0,https://www.amd.com/en/products/processors/laptop/ryzen/100-series/amd-ryzen-5-150.html
Ryzen 5 220,AMD,Ryzen 5,220,Hawk Point,AMD Radeon 740M,6.0,,,,12.0,3.2,4.9,16.0,6.0,16.0,16.0,,28.0,30.0,15.0,https://www.amd.com/en/products/processors/laptop/ryzen/200-series/amd-ryzen-5-220.html
Ryzen 5 4600H,AMD,Ryzen 5,4600H,Renoir,AMD Radeon Graphics,6.0,,,,12.0,3.0,4.0,8.0,3.0,8.0,,,45.0,54.0,35.0,https://www.amd.com/en/support/downloads/drivers.html/processors/ryzen/ryzen-4000-series/amd-ryzen-5-4600h.html
Ryzen 5 5500U,AMD,Ryzen 5,5500U,Lucienne,AMD Radeon Graphics,6.0,,,,12.0,2.1,4.0,8.0,3.0,8.0,,,15.0,25.0,10.0,https://www.amd.com/en/support/downloads/drivers.html/processors/ryzen/ryzen-5000-series/amd-ryzen-5-5500u.html
Ryzen 5 5625U,AMD,Ryzen 5,5625U,Barcelo,AMD Radeon Graphics,6.0,,,,12.0,2.3,4.3,16.0,3.0,16.0,,,15.0,,,https://www.amd.com/en/support/downloads/drivers.html/processors/ryzen/ryzen-5000-series/amd-ryzen-5-5625u.html
Ryzen 5 7430U,AMD,Ryzen 5,7430U,Barcelo R,AMD Radeon Graphics,6.0,,,,12.0,2.3,4.3,19.0,3.0,16.0,,,15.0,,,https://www.amd.com/en/products/processors/laptop/ryzen/7000-series/amd-ryzen-5-7430u.html
Ryzen 5 7520U,AMD,Ryzen 5,7520U,Mendocino,AMD Radeon 610M,4.0,,,,8.0,2.8,4.3,6.0,2.0,4.0,,,15.0,,,https://www.amd.com/en/products/processors/laptop/ryzen/7000-series/amd-ryzen-5-7520u.html
Ryzen 5 7530U,AMD,Ryzen 5,7530U,Barcelo R,AMD Radeon Graphics,6.0,,,,12.0,2.0,4.5,19.0,3.0,16.0,,,15.0,,,https://www.amd.com/en/products/processors/laptop/ryzen/7000-series/amd-ryzen-5-7530u.html
Ryzen 5 7535HS,AMD,Ryzen 5,7535HS,Rembrandt R,AMD Radeon 660M,6.0,,,,12.0,3.3,4.55,19.0,3.0,16.0,,,35.0,54.0,35.0,https://www.amd.com/en/products/processors/laptop/ryzen/7000-series/amd-ryzen-5-7535hs.html
Ryzen 5 7535U,AMD,Ryzen 5,7535U,Rembrandt R,AMD Radeon 660M,6.0,,,,12.0,2.9,4.55,16.0,3.0,16.0,,,28.0,30.0,15.0,https://www.amd.com/en/products/processors/laptop/ryzen/7000-series/amd-ryzen-5-7535u.html
Ryzen 7 155,AMD,Ryzen 7,155,Hawk Point,AMD Radeon 740M Graphics,6.0,,,,12.0,3.0,4.7,22.0,6.0,16.0,,,35.0,40.0,15.0,https://www.amd.com/en/products/processors/laptop/ryzen/100-series/amd-ryzen-7-155.html
Ryzen 7 170,AMD,Ryzen 7,170,Rembrandt,AMD Radeon 680M,8.0,,,,16.0,3.2,4.75,20.0,4.0,16.0,,,45.0,54.0,35.0,https://www.amd.com/en/products/processors/laptop/ryzen/100-series/amd-ryzen-7-170.html
Ryzen 7 260,AMD,Ryzen 7,260,Hawk Point,AMD Radeon 780M,8.0,,,,16.0,3.8,5.1,24.0,8.0,16.0,16.0,38.0,45.0,54.0,35.0,https://www.amd.com/en/products/processors/laptop/ryzen/200-series/amd-ryzen-7-260.html
Ryzen 7 4800H,AMD,Ryzen 7,4800H,Renoir,AMD Radeon Graphics,8.0,,,,16.0,2.9,4.2,8.0,4.0,8.0,,,45.0,54.0,35.0,https://www.amd.com/en/support/downloads/drivers.html/processors/ryzen/ryzen-4000-series/amd-ryzen-7-4800h.html
Ryzen 7 5800H,AMD,Ryzen 7,5800H,Cezanne,AMD Radeon Graphics,8.0,,,,16.0,3.2,4.4,16.0,4.0,16.0,,,45.0,54.0,35.0,https://www.amd.com/en/support/downloads/drivers.html/processors/ryzen/ryzen-5000-series/amd-ryzen-7-5800h.html
Ryzen 7 5800HS,AMD,Ryzen 7,5800HS,Cezanne,AMD Radeon Graphics,8.0,,,,16.0,2.8,4.4,20.0,4.0,16.0,,,35.0,,,https://www.amd.com/en/products/specifications/processors.html
Ryzen 7 5825U,AMD,Ryzen 7,5825U,Barcelo,AMD Radeon Graphics,8.0,,,,16.0,2.0,4.5,16.0,4.0,16.0,,,15.0,,,https://www.amd.com/en/support/downloads/drivers.html/processors/ryzen/ryzen-5000-series/amd-ryzen-7-5825u.html
Ryzen 7 6800H,AMD,Ryzen 7,6800H,Rembrandt,AMD Radeon 680M,8.0,,,,16.0,3.2,4.7,20.0,4.0,16.0,,,45.0,,,https://www.amd.com/en/support/downloads/drivers.html/processors/ryzen/ryzen-6000-series/amd-ryzen-7-6800h.html
Ryzen 7 6800HS,AMD,Ryzen 7,6800HS,Rembrandt,AMD Radeon 680M,8.0,,,,16.0,3.2,4.7,20.0,4.0,16.0,,,35.0,,,https://www.amd.com/en/products/specifications/processors.html
Ryzen 7 7435HS,AMD,Ryzen 7,7435HS,Rembrandt R,無內顯（需搭配獨顯）,8.0,,,,16.0,3.1,4.5,20.0,4.0,16.0,,,45.0,54.0,35.0,https://www.amd.com/en/products/processors/laptop/ryzen/7000-series/amd-ryzen-7-7435hs.html
Ryzen 7 7445HS,AMD,Ryzen 7,7445HS,Phoenix,AMD Radeon 740M,6.0,,,,12.0,3.55,4.7,22.0,6.0,16.0,,,35.0,40.0,20.0,https://www.amd.com/en/products/processors/laptop/ryzen/7000-series/amd-ryzen-7-7445hs.html
Ryzen 7 7730U,AMD,Ryzen 7,7730U,Barcelo R,AMD Radeon Graphics,8.0,,,,16.0,2.0,4.5,20.0,4.0,16.0,,,15.0,,,https://www.amd.com/en/products/processors/laptop/ryzen/7000-series/amd-ryzen-7-7730u.html
Ryzen 7 7735HS,AMD,Ryzen 7,7735HS,Rembrandt R,AMD Radeon 680M,8.0,,,,16.0,3.2,4.75,16.0,4.0,16.0,,,35.0,54.0,35.0,https://www.amd.com/en/products/processors/laptop/ryzen/7000-series/amd-ryzen-7-7735hs.html
Ryzen 7 7735U,AMD,Ryzen 7,7735U,Rembrandt R,AMD Radeon 680M,8.0,,,,16.0,2.7,4.75,16.0,4.0,16.0,,,28.0,30.0,15.0,https://www.amd.com/en/products/processors/laptop/ryzen/7000-series/amd-ryzen-7-7735u.html
Ryzen 7 7840HS,AMD,Ryzen 7,7840HS,Phoenix,AMD Radeon 780M,8.0,,,,16.0,3.8,5.1,16.0,8.0,16.0,,,35.0,54.0,35.0,https://www.amd.com/en/products/processors/laptop/ryzen/7000-series/amd-ryzen-7-7840hs.html
Ryzen 7 8840HS,AMD,Ryzen 7,8840HS,Hawk Point,AMD Radeon 780M,8.0,,,,16.0,3.3,5.1,24.0,8.0,16.0,16.0,39.0,28.0,30.0,20.0,https://www.amd.com/en/products/processors/laptop/ryzen/8000-series/amd-ryzen-7-8840hs.html
Ryzen 7 8840U,AMD,Ryzen 7,8840U,Hawk Point,AMD Radeon 780M,8.0,,,,16.0,3.3,5.1,16.0,8.0,16.0,16.0,38.0,28.0,30.0,15.0,https://www.amd.com/en/products/processors/laptop/ryzen/8000-series/amd-ryzen-7-8840u.html
Ryzen 7 8845HS,AMD,Ryzen 7,8845HS,Hawk Point,AMD Radeon 780M,8.0,,,,16.0,3.8,5.1,24.0,8.0,16.0,16.0,38.0,45.0,54.0,35.0,https://www.amd.com/en/products/processors/laptop/ryzen/8000-series/amd-ryzen-7-8845hs.html
Ryzen 9 270,AMD,Ryzen 9,270,Hawk Point,AMD Radeon 780M,8.0,,,,16.0,4.0,5.2,24.0,8.0,16.0,16.0,39.0,45.0,54.0,35.0,https://www.amd.com/en/products/processors/laptop/ryzen/200-series/amd-ryzen-9-270.html
Ryzen 9 7940HS,AMD,Ryzen 9,7940HS,Phoenix,AMD Radeon 780M,8.0,,,,16.0,4.0,5.2,16.0,8.0,16.0,,,35.0,54.0,35.0,https://www.amd.com/en/products/processors/laptop/ryzen/7000-series/amd-ryzen-9-7940hs.html
Ryzen 9 8940HX,AMD,Ryzen 9,8940HX,Dragon Range,AMD Radeon 610M,16.0,,,,32.0,2.4,5.3,80.0,16.0,64.0,,,55.0,75.0,55.0,https://www.amd.com/en/products/processors/laptop/ryzen/8000-series/amd-ryzen-9-8940hx.html
Ryzen 9 9955HX,AMD,Ryzen 9,9955HX,Fire Range,AMD Radeon 610M,16.0,,,,32.0,2.5,5.4,80.0,16.0,64.0,,,55.0,75.0,55.0,https://www.amd.com/en/products/processors/laptop/ryzen/9000-series/amd-ryzen-9-9955hx.html
Ryzen 9 9955HX3D,AMD,Ryzen 9,9955HX3D,Fire Range,AMD Radeon 610M,16.0,,,,32.0,2.5,5.4,144.0,16.0,128.0,,,55.0,75.0,55.0,https://www.amd.com/en/products/processors/laptop/ryzen/9000-series/amd-ryzen-9-9955hx3d.html
Ryzen AI 5 330,AMD,Ryzen AI 5,330,Krackan Point,AMD Radeon 820M,4.0,,,,8.0,2.0,4.5,8.0,4.0,8.0,50.0,56.0,28.0,28.0,15.0,https://www.amd.com/en/products/processors/laptop/ryzen/ai-300-series/amd-ryzen-ai-5-330.html
Ryzen AI 5 340,AMD,Ryzen AI 5,340,Krackan Point,AMD Radeon 840M,6.0,,,,12.0,2.0,4.8,22.0,6.0,16.0,50.0,59.0,28.0,54.0,15.0,https://www.amd.com/en/products/processors/laptop/ryzen/ai-300-series/amd-ryzen-ai-5-340.html
Ryzen AI 5 430,AMD,Ryzen AI 5,430,Gorgon Point,AMD Radeon 840M,4.0,,,,8.0,2.0,4.5,8.0,4.0,8.0,50.0,58.0,28.0,28.0,15.0,https://www.amd.com/en/products/processors/laptop/ryzen/ai-400-series/amd-ryzen-ai-5-430.html
Ryzen AI 7 350,AMD,Ryzen AI 7,350,Krackan Point,AMD Radeon 860M,8.0,,,,16.0,2.0,5.0,24.0,8.0,16.0,50.0,66.0,28.0,54.0,15.0,https://www.amd.com/en/products/processors/laptop/ryzen/ai-300-series/amd-ryzen-ai-7-350.html
Ryzen AI 7 445,AMD,Ryzen AI 7,445,Gorgon Point,AMD Radeon 840M,6.0,,,,12.0,2.0,4.6,8.0,6.0,8.0,50.0,59.0,28.0,54.0,15.0,https://www.amd.com/en/products/processors/laptop/ryzen/ai-400-series/amd-ryzen-ai-7-445.html
Ryzen AI 9 365,AMD,Ryzen AI 9,365,Strix Point,AMD Radeon 880M,10.0,,,,20.0,2.0,5.0,34.0,10.0,24.0,50.0,73.0,28.0,54.0,15.0,https://www.amd.com/en/products/processors/laptop/ryzen/ai-300-series/amd-ryzen-ai-9-365.html
Ryzen AI 9 465,AMD,Ryzen AI 9,465,Gorgon Point,AMD Radeon 880M,10.0,,,,20.0,2.0,5.0,34.0,10.0,24.0,50.0,73.0,28.0,54.0,15.0,https://www.amd.com/en/products/processors/laptop/ryzen/ai-400-series/amd-ryzen-ai-9-465.html
Ryzen AI 9 HX 370,AMD,Ryzen AI 9 HX,370,Strix Point,AMD Radeon 890M,12.0,,,,24.0,2.0,5.1,36.0,12.0,24.0,50.0,80.0,28.0,54.0,15.0,https://www.amd.com/en/products/processors/laptop/ryzen/ai-300-series/amd-ryzen-ai-9-hx-370.html
Ryzen AI MAX+ 388,AMD,Ryzen AI MAX+,388,Strix Halo,Radeon 8060S Graphics,8.0,,,,16.0,3.6,5.0,40.0,8.0,32.0,50.0,118.0,55.0,120.0,45.0,https://www.amd.com/en/products/processors/laptop/ryzen/ai-300-series/amd-ryzen-ai-max-plus-388.html
Ryzen AI MAX+ 392,AMD,Ryzen AI MAX+,392,Strix Halo,Radeon 8060S Graphics,12.0,,,,24.0,3.2,5.0,80.0,12.0,64.0,50.0,122.0,55.0,120.0,45.0,https://www.amd.com/en/products/processors/laptop/ryzen/ai-300-series/amd-ryzen-ai-max-plus-392.html
Ryzen AI MAX+ 395,AMD,Ryzen AI MAX+,395,Strix Halo,Radeon 8060S Graphics,16.0,,,,32.0,3.0,5.1,80.0,16.0,64.0,50.0,126.0,55.0,120.0,45.0,https://www.amd.com/en/products/processors/laptop/ryzen/ai-300-series/amd-ryzen-ai-max-plus-395.html
Snapdragon X Elite X1E-78-100,Qualcomm,Snapdragon X Elite,X1E-78-100,,Qualcomm Adreno,12.0,,,,12.0,3.4,3.4,42.0,,,45.0,,,,,
Snapdragon X Plus X1P-42-100,Qualcomm,Snapdragon X Plus,X1P-42-100,,Qualcomm Adreno,8.0,,,,8.0,,3.2,30.0,,,45.0,,,,,
Snapdragon X X1-26-100,Qualcomm,Snapdragon X,X1-26-100,,Qualcomm Adreno,8.0,,,,8.0,,2.97,30.0,,,45.0,,,,,
Snapdragon X X1-26-101,Qualcomm,Snapdragon X,X1-26-101,,Qualcomm Adreno,8.0,,,,8.0,,2.97,30.0,,,45.0,,,,,
Snapdragon X2 Elite Extreme X2E-94-100,Qualcomm,Snapdragon X2 Elite Extreme,X2E-94-100,,Qualcomm Adreno,18.0,,,,18.0,,4.7,53.0,,,80.0,,,,,
Snapdragon X2 Elite X2E-88-100,Qualcomm,Snapdragon X2 Elite,X2E-88-100,,Qualcomm Adreno,18.0,,,,18.0,,4.7,53.0,,,80.0,,,,,
