key,npu_tops,overall_tops,source_url
115u,11,21,https://www.intel.com/content/www/us/en/products/sku/237505/intel-core-ultra-5-processor-115u-10m-cache-up-to-4-20-ghz/specifications.html
125h,11,33,https://www.intel.com/content/www/us/en/products/sku/236848/intel-core-ultra-5-processor-125h-18m-cache-up-to-4-50-ghz/specifications.html
125u,11,21,https://www.intel.com/content/www/us/en/products/sku/237330/intel-core-ultra-5-processor-125u-12m-cache-up-to-4-30-ghz/specifications.html
135h,11,33,https://www.intel.com/content/www/us/en/products/sku/236850/intel-core-ultra-5-processor-135h-18m-cache-up-to-4-60-ghz/specifications.html
155h,11,33,https://www.intel.com/content/www/us/en/products/sku/236847/intel-core-ultra-7-processor-155h-24m-cache-up-to-4-80-ghz/specifications.html
155u,11,22,https://www.intel.com/content/www/us/en/products/sku/237327/intel-core-ultra-7-processor-155u-12m-cache-up-to-4-80-ghz/specifications.html
185h,11,35,https://www.intel.com/content/www/us/en/products/sku/236849/intel-core-ultra-9-processor-185h-24m-cache-up-to-5-10-ghz/specifications.html
225h,13,83,https://www.intel.com/content/www/us/en/products/sku/241749/intel-core-ultra-5-processor-225h-18m-cache-up-to-4-90-ghz/specifications.html
255h,13,96,https://www.intel.com/content/www/us/en/products/sku/241751/intel-core-ultra-7-processor-255h-24m-cache-up-to-5-10-ghz/specifications.html
285h,13,99,https://www.intel.com/content/www/us/en/products/sku/241747/intel-core-ultra-9-processor-285h-24m-cache-up-to-5-40-ghz/specifications.html
275hx,13,36,https://www.intel.com/content/www/us/en/products/sku/242293/intel-core-ultra-9-processor-275hx-36m-cache-up-to-5-40-ghz/specifications.html
290hx plus,13,36,https://www.intel.com/content/www/us/en/products/sku/245960/intel-core-ultra-9-processor-290hx-plus-36m-cache-up-to-5-50-ghz/specifications.html
226v,40,97,https://www.intel.com/content/www/us/en/products/sku/240960/intel-core-ultra-5-processor-226v-8m-cache-up-to-4-50-ghz/specifications.html
228v,40,97,https://www.intel.com/content/www/us/en/products/sku/240955/intel-core-ultra-5-processor-228v-8m-cache-up-to-4-50-ghz/specifications.html
256v,47,115,https://www.intel.com/content/www/us/en/products/sku/240954/intel-core-ultra-7-processor-256v-12m-cache-up-to-4-80-ghz/specifications.html
258v,47,115,https://www.intel.com/content/www/us/en/products/sku/240957/intel-core-ultra-7-processor-258v-12m-cache-up-to-4-80-ghz/specifications.html
268v,48,118,https://www.intel.com/content/www/us/en/products/sku/240958/intel-core-ultra-7-processor-268v-12m-cache-up-to-5-00-ghz/specifications.html
325,47,,https://www.intel.com/content/www/us/en/products/sku/245720/intel-core-ultra-5-processor-325-12m-cache-up-to-4-50-ghz/specifications.html
355,49,,https://www.intel.com/content/www/us/en/products/sku/245722/intel-core-ultra-7-processor-355-12m-cache-up-to-4-70-ghz/specifications.html
356h,50,,https://www.intel.com/content/www/us/en/products/sku/245532/intel-core-ultra-7-processor-356h-18m-cache-up-to-4-70-ghz/specifications.html
358h,50,,https://www.intel.com/content/www/us/en/products/sku/245527/intel-core-ultra-x7-processor-358h-18m-cache-up-to-4-80-ghz/specifications.html
386h,50,,https://www.intel.com/content/www/us/en/products/sku/245529/intel-core-ultra-9-processor-386h-18m-cache-up-to-4-90-ghz/specifications.html
388h,50,,https://www.intel.com/content/www/us/en/products/sku/245526/intel-core-ultra-x9-processor-388h-18m-cache-up-to-5-10-ghz/specifications.html
304,15,24,https://www.intel.com/content/www/us/en/products/sku/246020/intel-core-3-processor-304-6m-cache-up-to-4-30-ghz/specifications.html
315,15,33,https://www.intel.com/content/www/us/en/products/sku/246127/intel-core-5-processor-315-6m-cache-up-to-4-40-ghz/specifications.html
320,16,36,https://www.intel.com/content/www/us/en/products/sku/246018/intel-core-5-processor-320-6m-cache-up-to-4-60-ghz/specifications.html
350,17,38,https://www.intel.com/content/www/us/en/products/sku/246017/intel-core-7-processor-350-6m-cache-up-to-4-80-ghz/specifications.html
